"V1","V2","V3","V4","V5","V6","V7","V8","V9","V10","V11","V12","V13","V14","V15","V16","V17","V18","V19","V20","V21","V22","V23","V24","V25","V26","V27","V28","V29","V30","V31","V32","V33","V34","V35","V36","V37","V38","V39","V40","V41","V42","V43","V44","V45","V46","V47","V48","V49","V50","V51","V52","V53","V54","V55","V56","V57","V58","V59","V60","V61","V62","V63","V64","V65","V66","V67","V68","V69","V70","V71","V72","V73","V74","V75","V76","V77","V78","V79","V80","V81","V82","V83","V84","V85","V86","V87","V88","V89","V90","V91","V92","V93","V94","V95","V96","V97","V98","V99","V100","V101","V102","V103","V104","V105","V106","V107","V108","V109","V110","V111","V112","V113","V114","V115","V116","V117","V118","V119","V120","V121","V122","V123"
"1",8.23811884460307,11.0917773811884,9.04299689338357,2.067387137286,2.11616762509087,-6.82692180580343,5.197468438099,2.20559851939981,5.26250908850549,2.29502941370877,6.32754973891202,4.34380990151364,8.27063916980634,9.20559851939982,9.1893383567982,7.14055786899333,7.07551721858682,6.9942164055787,7.89665542996894,6.76657412915593,1.677143234847,4.76657412915595,5.79909445435921,6.81535461696084,6.98608632427791,9.09990746248929,9.22185868200149,7.27876925110717,6.23811884460309,-9.94074294401481,-2.01391367572213,1.97795624297704,6.05112697468436,6.98608632427786,5.86413510476566,1.717793641351,1.53893185273311,-2.49358847247013,-9.57488928547827,-2.6561900984864,3.23811884460303,5.1568180315949,5.09990746248922,4.18933835679815,5.33567982021278,8.52267169013148,8.6527529909445,6.66901315354611,6.62023266574125,5.60397250313961,-0.32285676515307,-3.16838522043761,-1.11960473263273,-0.0301738383237977,1.95356599907459,4.98608632427784,8.13242778769247,8.34380990151362,9.49015136492826,9.62023266574128,2.77063916980634,-3.15212505783591,-10.0952144887302,3.93730583647302,0.929175755172231,3.96982616167629,6.04299689338361,6.18933835679824,6.22185868200149,8.2950294137088,1.34380990151369,3.39259038931856,5.41698063322101,-4.52610879767331,-3.50171855377088,3.42511071452181,-0.5748892854782,-0.517978716372518,-4.46919822856764,-3.41228765946196,-3.33911692775464,-4.32285676515301,-1.23342587084407,1.79909445435917,1.83974486086323,4.79909445435919,1.75844404785513,-3.31472668385218,-7.41228765946193,-10.4041575781611,-18.3797673342587,-16.2578161147465,-10.2090356269416,1.83974486086327,-12.19277546434,-16.1765153017384,-18.1358648952343,-22.1033445700311,-4.04643400092538,-12.0139136757221,-9.87570229360831,-12.802531561901,-12.7862713992993,-8.80253156190096,-2.83505188710419,-0.843181968404999,-1.83505188710418,0.156818031595001,-15.843181968405,-18.8269218058034,-13.8187917245026,-2.81066164320178,-0.745620992795274,-12.6480600171855,-8.56675920417741,-8.4935884724701,-6.4935884724701,-6.4854583911693,-0.534238878974172,0.433240795822577,0.408850551920146,-0.64806001718555,4.05706240551218
"2",8.17087741359167,11.1009695198182,9.05717023336715,2.06790568929818,2.10704628443334,-6.84094697255572,5.18861835786039,2.20186996603403,5.25027561382458,2.28507352102506,6.31835054687041,4.33826427803203,8.28501930151997,9.224897674317,9.20006531086574,7.15524113390111,7.09491708605042,7.01858547384928,7.9260776219345,6.80447949064088,1.70936162414663,4.75947928938616,5.79084581451711,6.81012480360617,6.94953892927373,9.06486273007537,9.18561211039384,7.25573203574291,6.23988326760635,-9.90182007061654,-1.98475939309636,1.99025636912413,6.04081668255779,6.99718236747562,5.89425073063656,1.75933155174422,1.59106901368845,-2.46854930202142,-9.54864662310877,-2.6295475896524,3.26999744296755,5.18533301588375,5.12220167926137,4.1789463238942,5.30252058174304,8.47344289877404,8.61009284582519,6.65235051003636,6.62581604924033,5.61014254858587,-0.335203706677133,-3.20389503670111,-1.14069608773581,-0.0549802326581746,1.94963938743997,4.97889029209908,8.10033038401235,8.28983064755142,9.4425107693869,9.57810018056802,3.56301618413025,-1.64871594636871,-7.51438817136181,2.27806789438887,-1.50257062176254,2.52661447309291,5.33987635212482,6.76296016910009,6.82501262501792,7.22562526802442,1.60691809500347,3.47071146213041,5.85721118857357,-2.08927838048666,-2.90553286819491,2.38401091539621,-0.0829377562321063,0.0529379614690151,-3.87034519902484,-2.80585417738967,-2.31510099173798,-5.03129369258448,-6.08972207516594,1.64438531228018,2.19921806941286,0.952515667782482,1.95451173700908,-3.44259587769947,-5.75958049996014,-7.34505609846418,-13.81064429929,-17.4844100974493,-12.2997155054844,-0.956483799871102,-9.55711151487208,-13.8387039673124,-16.7390471370646,-20.8082270643395,-7.39333557225999,-11.8763767153031,-9.85801272951886,-12.1833521270632,-13.2107445385182,-9.56694203888363,-6.84749624245296,-3.63828823868972,-3.81064752767405,0.967694205096405,-12.6436020523266,-16.092522773872,-13.7480392448088,-5.08950669539963,-3.60776754979981,-10.8984460410584,-9.04773311204789,-5.94775379653461,-6.90224936617409,-9.55128221650519,-3.21556891536602,1.22398105974748,1.09604719609612,-1.45309157749952,9.29227013228176
"3",8.42268313252871,11.2001690063532,9.51867135463485,3.68453217223945,2.21840925733075,-4.09388691787151,4.0036940600756,2.43403172235033,3.85356217018019,2.44236255130167,4.48146080319405,4.56165706372548,7.32512723592806,9.54717592899043,8.47631500608299,7.97124016162965,7.58879115656155,8.03648566043002,7.2383666698403,6.81158363392467,2.36023571020316,4.75691832648266,5.57511186743559,5.47993042972841,6.8978059421972,6.93212785896198,10.1265477732542,8.1822877865229,6.97041589925525,-7.11775045688609,-2.71538189696464,0.0797913761838444,4.9779543576211,6.86333413884831,6.91839599617454,2.75643370097487,1.95846378099367,-2.12386654306109,-8.78875868669294,-2.77770956550088,2.19653843588712,3.59191767133892,5.02539573147445,3.08965841724823,5.12490719541331,8.58881619510762,8.20227939067389,7.55509555354153,7.55990669424885,3.83234530045025,1.36518447229972,-1.41012340915962,-0.975512463668311,-0.0171215806973134,1.96216378212236,4.5593778915195,6.89029051328188,8.05830489917222,9.75302221766649,9.65380714839782,4.42917009475909,-1.10649891323517,-6.73373654197427,-0.975193425370449,0.928547440382961,2.70143295412128,4.39177720547729,6.36035479042724,6.46994797255357,4.93242005630767,1.81232586993288,3.77760069751794,6.08844903636338,0.697294112962143,-2.2264917554066,1.50378007216274,0.350928694022873,-0.0396647322062582,-4.1254832687631,-3.53090082535977,-2.2392922916007,-4.43687696894563,-4.41446453845001,-0.253279680004103,0.825864888445523,0.9672319976521,2.16912934189563,-1.61342632879648,-6.13078850004706,-8.18190420838011,-12.7349499384613,-14.0558732865476,-13.9183842395515,-4.07596716587931,-7.74691060986376,-12.3405218515722,-17.5166301475789,-18.3311529174059,-12.096311363984,-11.8722744008963,-10.0688123177555,-10.7197719207081,-12.5086093939599,-10.0951566863774,-8.21877375195014,-3.92750686416724,-4.07899404043816,-0.329568056856187,-10.0165237075726,-13.6602326938595,-14.8942005223688,-7.69951010658892,-6.87635784060375,-10.4580341277464,-7.40463127666898,-5.42185806227384,-5.68996942449432,-8.59333794495914,-4.22203060323744,-0.247625118208368,1.47173588341781,-1.42169549859741,8.10149443853202
"4",7.79145459705603,11.4563867989111,10.16576759069,5.53959621209259,3.35164041083248,-4.27882739207323,3.08581320091518,2.66764742855221,3.63507850659945,1.61979106570048,2.73627168428737,3.12903884488813,7.94572414193505,9.28934901590234,9.66179256368062,7.63476057887093,8.60409873702517,8.49028345377586,7.97550764603639,7.14670029847675,3.61308941492262,5.09107843389119,5.51585248905512,5.06260404767914,6.8818665596023,6.92056376814496,9.45524038335524,8.36696987475327,8.12318313041845,-3.36766772228166,-3.01736695790689,-1.23216862425992,2.47196065498151,5.8464084679445,6.98839224505419,4.0698881831307,2.56271859846252,-1.06803848345575,-7.46100938184008,-3.80261032167132,2.07156093391735,3.67781483446254,4.54568291605158,3.54544544212581,3.8052435486869,7.42652162394359,8.52560856417611,8.2173091964341,7.77982584127622,2.80315538893562,1.9588384104214,-0.631289661881511,-1.016008989982,-2.32252076218119,1.20146825108295,5.22876666082046,6.41666315930981,8.07593936618189,9.61443611186273,9.62943543338849,4.05052113422161,0.763789257731616,-4.30633852634359,-2.83731413326425,1.79556387652443,3.24715504871953,4.22032413189264,4.84624759189517,5.94488547556228,2.15132586176015,3.63440922228219,3.97267953175845,5.67066877643144,1.47817898730669,-1.14515311382267,1.50192531893163,-1.08142444467856,-0.432909805999837,-3.19110027268857,-3.97165531059351,-4.95662580923234,-2.57739628718851,-5.26508118905052,-0.777932742724998,1.05437419779911,1.64218495238286,2.35204403265953,-1.59723868248674,-4.7608499126318,-7.92438282441187,-12.9512291831725,-13.4319698139543,-13.3204877141142,-4.05267149097447,-9.690204970625,-11.6056449870292,-16.6070160008195,-17.4391399437581,-13.1035722702609,-12.4621214684966,-10.6412132828487,-10.5635974345297,-12.7092245641651,-11.9212682865677,-6.91560341862594,-4.80997147182326,-3.50264165429729,-0.293973367184998,-9.86005108585842,-13.8911144877903,-15.9672069425185,-8.72352620220001,-5.50479585817153,-12.5997591723005,-8.33568881975929,-5.09897488486902,-4.47951930084547,-6.32738788644312,-4.80136973622145,-1.48000109876961,1.33115788862779,-0.862086596693081,9.22502760050082
"5",8.6489852223172,11.393845593976,10.8344081459835,6.9398382701133,4.275560394865,-2.37440660298088,1.13235670032567,3.15320599829015,4.22259326331527,1.60986459804745,1.87258280327656,2.34235496225414,7.0959266074367,8.72679561441586,9.39787597951338,7.5536461549922,9.63064297817309,9.48376700285598,8.20496915350039,6.14186472701094,4.64720445092122,3.24322263458562,3.76779432470702,3.11294773511325,7.31900985457529,8.31401406912195,10.0164722503794,8.36358168656152,7.75551245551893,-1.29387653118969,-2.40075511738016,-2.44608124327421,1.92223778275418,5.79556837149702,7.36117246923799,4.80530053155812,3.12331351809155,-0.121199973354619,-4.76173417846698,-3.87958509468366,-0.437569248770658,2.50901641374256,3.97668915277523,3.56659935699305,4.80499145829988,7.62959742494953,8.7824918360604,8.78654111548336,8.06139549706585,3.10196829907588,0.143356981997241,-0.900842448595923,-0.605689865917666,-1.07498640761589,0.879525211768359,3.86160759955868,5.71480581406768,7.91495881284976,9.23996066028301,8.66586255147913,4.68935810155053,-0.00922304073757274,-3.08294578484704,-2.52807838542186,1.97603084682743,1.74890686534166,0.381346254415331,3.44073996920601,7.13206055333976,4.38656739937098,4.48611164080088,4.60424958308985,5.9446042205381,2.65654425250438,-0.413087102079247,-0.0631958189127437,-2.10614832337797,-1.32660655463463,-2.91000335630361,-1.412469747412,-3.27166519906393,-4.60681841532926,-6.21300036794433,-0.356950570009171,1.43947356920953,1.22958715792014,-0.861912681237535,-1.21010666558796,-3.1324526276657,-7.13900399326592,-11.2191346673607,-12.3365353730471,-12.5604888895486,-5.11069198331619,-9.07048207478396,-10.7888298519839,-17.1713709571647,-18.9162510894771,-16.8021203209132,-13.8242217159295,-9.59073941736452,-8.76528506316139,-11.2434407172139,-11.1797658507215,-7.71568534853095,-5.09697839563448,-3.24292102116709,-0.878130732125687,-8.05167823111283,-13.9105900226355,-15.5383774455133,-9.67729093665018,-5.65729301428428,-12.0019431351317,-9.02834283509343,-5.37771679337691,-5.32852498263864,-5.59421314809583,-4.45769525721422,-3.10601164001301,0.62212602964184,-0.428609197983139,8.5147990228314
"6",9.16215899525422,10.9909390884343,10.1908135767586,7.96026301042952,5.38218577619693,-0.614437202654813,1.40273464676399,3.23958649162429,3.19152170842203,2.44258403327186,2.09518787361117,1.48200176638814,4.97946045031209,7.68330504396523,9.33015491273879,8.54563244682476,9.73578864697765,9.96881072528032,8.00689989045472,5.88094182230721,5.50186013309055,4.44954364811051,2.80433755995025,2.51231253035016,7.49571961763534,8.58391507167802,8.49544783494015,9.25115611764668,8.17853998310929,0.322547559521331,-2.25890734843874,-2.38855734977151,1.02826559704525,5.10750650407603,7.22437460709136,4.45860455068506,3.77943396920803,1.19502697935916,-3.56179984627893,-3.45534942530492,-1.43435848896774,1.56223432094483,2.30979357874657,4.35490781428967,4.18099911573605,8.08759332859435,8.90357805417986,8.82683625390581,7.39048819575805,3.70842289248821,1.38326283621934,0.148962125850905,-0.736213176140003,0.0269191703133428,0.209886065490815,3.22532335538148,5.11657018426347,5.16443950150481,9.09597592548069,7.69289318381843,5.40826219324408,0.795169871956299,-3.21782341128732,-3.1065397682794,2.51621240154614,3.85990817875222,0.951288008940099,2.78165015839946,5.93241903665574,4.56336095850365,5.15263335350624,4.38342222647308,4.96400408094662,3.01963471986048,0.769192857871891,-1.62579018301321,-2.19693643051658,-0.682030705580985,-2.36363857452767,-1.33413388764058,-2.43725490463561,-3.63085796806876,-5.3425363771174,-1.08288207680848,-3.15209526353997,-0.878780325871604,0.131528319530012,-0.17858152026722,-1.7589098414339,-7.3080755871153,-10.4206957273706,-10.9996209213491,-11.0223777210457,-5.94826989720689,-8.72855901139176,-10.5240148515197,-17.6301352327813,-19.1211369289877,-15.0100609234396,-16.5710219988577,-9.9235726823439,-8.62919848590894,-10.0511034258435,-10.7960354045372,-8.93978169169893,-6.0506776187012,-6.66682356208462,-2.92802881558574,-6.39394520922159,-10.6684049426242,-13.2827664413096,-9.31637784497067,-6.16835426328715,-10.6340809994748,-9.61361493123712,-7.59048381920689,-7.95616871874579,-9.13074383874465,-5.03261928436692,-1.90506321531324,2.12508814361211,0.08226117559749,10.7896141071584
"7",9.7834041276717,10.1879131818197,10.5108090436093,9.37112781455165,6.39126134345514,0.139489026340539,1.23207188729013,3.00870153955447,3.33501547333907,1.18324223550778,0.285754204219157,2.05621497849272,5.6947634578963,7.98383467526666,9.50480600045809,8.7687191730586,9.56179952314386,9.86316176985999,7.96474258435839,7.14960129075519,5.16665485944617,4.14080167406473,2.62843981490187,1.88818751699697,6.66504670488029,8.70885903171271,8.97484827534606,9.25322516451071,7.77686786369001,2.25220879351844,-0.449061715729945,-2.17768294690511,0.384326795044496,4.0409660344752,6.84648889727773,5.74959189931281,2.2590370977114,1.23154868085702,-2.76270072880021,-2.79275183864562,-1.42693017820372,1.35709500657679,2.08613714479183,3.43514179556425,3.70348461083119,7.53093492629707,8.7580495923948,9.21392196815426,7.40207126155269,4.90205994984789,2.26724832981479,0.283359493382697,0.33149180737406,-0.195573766106237,-0.319870628316947,1.79160231586255,3.40850204970094,4.16938426970762,7.94368568603926,6.76760984397949,5.37054748255339,3.21339517335228,-1.57383194773355,-1.53654845798825,3.11766968855876,3.36103670597605,0.976569887159305,1.7802912392531,4.73216379408969,5.28888710313938,6.10823094365143,4.8627658830932,3.95653125249769,-0.0458431784533062,0.850201615949123,1.6231761639036,-1.6247880273642,-1.22646250016451,-3.23792426642345,-2.04833192478711,-1.18741852088081,-3.38342610768235,-6.36590874873905,-1.26706822063495,-4.66252580104402,-2.69227559165861,0.573936404288362,0.0342016140326549,-0.519713095043339,-6.98978316069742,-8.40737253397633,-9.58097495504046,-10.1269083392126,-6.71151859370606,-8.81796454853427,-9.13097200867585,-15.8887975834415,-19.485115952957,-17.8733463475761,-18.2409636584588,-11.0314127791811,-7.59331432244215,-8.1531220588929,-11.0548407326023,-11.7148071095937,-9.87779489346656,-5.92541122314795,-3.8815356791301,-5.14770767075098,-8.73138647612658,-11.6728243549222,-10.0289457609469,-8.52748587737502,-11.5287503292207,-8.24036352958339,-9.23049412213987,-6.74975281015275,-8.27402006295663,-4.34913451575504,-2.33145842268003,-0.323536136562296,-1.97679092590412,10.586127934009
"8",11.6011078099909,11.9634989978992,10.8248465115138,8.45943673147902,7.54969399069763,2.4610544603298,2.40339309530627,2.81780982950124,2.15806584090897,1.24334908593696,0.912887142175405,2.10427975394132,4.32264155712693,7.46839243749015,9.43469769257947,8.90035304531985,9.4405076225076,9.76072184399808,8.32883298879528,7.65126658926421,5.12143908039054,3.29516925763745,2.87407008833556,2.54405958435457,6.51208791947917,8.231320001172,9.179916603422,9.05479094962735,7.1838237684473,4.04896298335612,-0.122934893574808,-1.70673347210445,0.00565014283422893,2.7325120258189,6.24414083795364,5.36142249823429,3.27979063102334,1.7865798013667,-1.32319002094612,-2.09805722287345,-2.10868712714012,-0.0787073237214666,2.71287964861169,3.78049245278429,3.97222315817356,5.98337181300161,8.61574846930778,9.28140639153885,7.80450410618284,4.93206238133868,3.03865188066725,0.955657502198272,0.964163247232734,-0.0834165416033546,-0.464920840840884,1.51176703040608,3.18736702189063,4.146858887616,6.72894005881914,6.40177821575013,5.75146163011209,3.58297692707067,-0.866949729263223,-1.09934992556266,2.29002052657484,2.40835300723283,-1.14168981775695,1.32773750744669,5.22048984454039,5.54478886415523,5.39503129388088,5.09655180181367,4.43396410845117,1.57881946323856,0.784941832429954,1.44067539005088,-1.21416055915694,-1.17246620526238,-2.79820746797433,-1.52253105234373,-0.564246700309419,-3.76215939381571,-7.33142310426396,-1.398384142585,-4.20403225801967,-2.53280883528067,-0.0555692134417405,-0.06110122526775,-2.31766368932509,-7.69709772897811,-7.29868507235404,-8.75692386190108,-10.5749187857609,-7.99253059752118,-6.50035165829265,-8.08533413784713,-14.7542221566419,-18.773250781022,-17.9731598658568,-18.1962950040444,-12.524135575671,-10.2723367482979,-6.41435696791136,-9.86910754959614,-11.1818611391723,-11.9672779171147,-6.81797539940734,-5.44174558939395,-4.98176562712829,-6.87935196817364,-9.81344898192897,-8.49883206885385,-9.58776351309551,-11.2521389015646,-9.88175411426951,-9.56774651379412,-8.42610651943443,-9.348061708768,-6.99090685173972,-0.91037916594238,1.19402174726723,-1.54423731836619,9.56680532761701
"9",10.8417619826665,12.6824689067568,11.721338760412,9.67158692237124,8.14367818091573,3.51479031564564,2.34799624640214,2.92284109710659,2.541147443882,1.77215847096967,0.949401406604604,2.28651145786523,3.91994422454097,5.21268731479644,8.27476221486678,8.62769313869288,9.86551330329153,9.20813945503746,9.28268732721086,8.32008901382416,5.87388409308815,4.76512159843232,3.86993181655572,1.68948696069068,4.98037001205238,6.73591774422149,9.53168661215977,8.78028971317655,7.90347099672974,5.15411996390999,1.32728573820537,-1.10185138410938,0.0584739882986595,2.1804253859665,5.11764736179278,3.91736630979808,2.6087793341199,2.08621892185793,-0.153592753315471,-3.42952861936928,-1.08328497438857,-0.580321249510026,1.33534560730328,4.14652070901223,4.05462833808416,6.0093301936841,8.49297161572551,9.10225041198935,8.68261035810967,5.61649272662584,2.40772468045624,1.60124936617109,1.17778696446121,0.835357829762886,-1.12509760659258,1.71668746228437,3.32423756771201,4.41095412165147,5.6496396903265,6.32179196385205,5.65263464969179,2.95860907702241,-0.560870335104023,-0.738886820283697,1.91075788324379,2.67696721884436,-0.936445805538633,1.92631979322917,1.88575276724329,6.67148283917476,5.80160961643711,5.2949974531517,4.0117443751197,1.61837916058191,0.965103394645057,0.108845453765658,-0.681787479724846,0.0427629543913063,-2.26262282074276,-1.81982301073627,-1.90877569935497,-3.12037582997625,-5.32431179259703,-1.13508707064117,-3.9470737304945,-3.00543265054267,-1.14846671728317,-1.88676495442203,-1.19576103407723,-6.19789011361928,-6.4645725710397,-7.7553087831929,-9.86084611162041,-8.71316228254841,-6.84184055029064,-8.07547939293553,-14.4008486344963,-17.8140199780575,-18.2394250656108,-18.655624566372,-13.8626329303008,-9.93187680140476,-7.94447923724614,-11.5368098000438,-11.6695849374923,-12.1733036217811,-6.07981904757806,-4.64660925651314,-5.23138689127216,-7.6105003894468,-8.81384262679166,-8.02240659844035,-9.20072327128942,-11.4020931390658,-9.58969247283233,-8.48933501951868,-8.09653950141485,-8.62628436531813,-7.87108554081173,-3.10184212640964,0.654234967296492,-0.312795962255768,9.53515064992925
"10",10.1469287765754,11.4396954952316,11.5104545264054,10.6590108822804,7.32770905662883,2.95772477424481,4.91875891195416,3.86681704727495,0.633984939015743,2.34650150078006,1.94098031129084,1.91863139463106,4.08456416506768,4.37010955273936,7.56428401075271,9.15564510868764,9.99207235222639,9.17941140768576,9.2584577490787,8.72359230890642,6.72991629118417,5.28243115713283,4.02078512239619,2.61520634189813,5.01874718788564,5.96379628623276,8.27263758695163,7.05548362070487,6.46863091851318,6.50897697458959,2.16056848949398,0.521098136719886,0.774281005625907,2.60287375647619,4.01665082337426,3.38515799963793,1.45127340736265,2.23036665285558,0.991553326981578,-2.78118607648886,-0.520947207659309,-0.288581658164646,0.613898709507492,4.15648253055341,4.4965439256511,5.1203770967838,7.88811313591606,8.77472468684639,8.45327605683922,6.8104441762054,3.89516071977862,2.05585413205775,0.16294111377346,0.152281130587757,-1.15017016305373,1.11467490271246,3.20725211558963,4.14562288776938,5.09399227281543,5.99746084352833,5.68580202586537,3.53422061129001,0.995373455456799,-0.392915820946915,1.05375632929621,1.39590258092089,-0.605106628813225,1.85679724523592,2.29052162115006,6.01477569444061,5.3478791524749,5.25116355568435,4.68505898207659,2.76223032614882,1.48273464549681,1.0885920072521,-0.817637603251714,-0.571524828281856,-1.56497107002469,-1.26130556291872,-1.70368993853896,-2.7978187686796,-5.59202897642685,-1.89041139825899,-3.3995151646466,-3.64732127765865,-3.42321706448501,-0.60403811210826,-1.12249071054182,-5.12602329780578,-6.67944454381814,-7.34648695627435,-8.86509276186678,-9.04002120794794,-6.92259908744761,-8.68021180948653,-15.160472365329,-17.3513351845974,-17.786548600632,-19.0448651165602,-13.5292617074912,-9.59648399274902,-9.9218295814415,-10.8135156079319,-11.1913518288928,-11.6988756137895,-7.82394039190055,-5.73426871838375,-4.21408337285634,-6.35534476141302,-8.14413965265584,-8.59228627803989,-11.862633278152,-11.1972710348442,-12.8292066051733,-10.2134110194728,-7.28598568164978,-7.82676800511074,-7.97178808434194,-3.71380377504151,0.712100338381819,0.118909893183503,12.4313370971319
"11",10.9820623554753,11.447582445954,11.0807165160832,10.4860652968736,6.08508372077183,3.25090163271279,5.02522939215199,4.54167061895595,1.53552552750623,3.54402417881444,2.63383791375635,2.15441442934328,3.71062853775758,4.18704103981261,6.83604759023146,9.00011049378647,9.76630239427916,9.90304945577564,8.85555284909414,8.70255614466391,6.72251694599974,4.53758215782283,4.24744150026903,3.19474978831644,5.7554718206358,6.43020810339705,8.15465760389672,6.22570257309548,6.31664747622266,7.07865249519993,3.46981336629729,1.30002406229988,1.39947500185688,2.63813120993412,3.31500259163811,1.8204540682,3.0108282024993,2.3771787083078,1.09121046489624,-1.74854844393246,-2.32373332952546,-1.77217466865287,-0.694623147729083,4.23682661445564,4.24376506589113,5.53447970127415,6.81980587125883,8.65366230924834,8.48122500621653,8.21054273230344,4.55274791155972,2.03238742124283,0.342884346815319,-0.621723692097334,-0.715429616996099,1.41384406589681,2.86972421351287,4.25652387894907,4.93332051060827,5.33749076721983,3.85879229265466,4.42447751772231,2.03250780669322,0.0338160542714272,1.52145351684394,0.434448954181996,-0.0864824071495271,0.468740193785744,2.36721803753884,5.26193303475289,5.65667152718494,5.16567221687006,4.35755001403163,0.545854785521225,3.10732529207778,2.13019035168501,0.137413716664359,0.113664118768288,-1.12855020418922,-2.4343319965442,-3.25533858935678,-2.66502945952452,-3.49772590988285,-1.13125876002594,-3.24909420820644,-5.42768097830581,-3.43299926313632,-0.987007628776983,-0.721871581519199,-6.45590150538221,-5.7491762339177,-5.22307134201102,-8.25942285082158,-8.59204755989343,-6.79742067391383,-7.85149307508924,-15.6206729674279,-17.8818500081572,-17.8708322034257,-17.3440417696565,-13.9080831526847,-10.5442973039697,-12.0508412709044,-13.2164698499533,-10.4451059336556,-11.1346072613988,-10.7478838544132,-4.63123450424287,-2.9093746889588,-5.682167714924,-9.00992772522807,-8.78525453910024,-11.0323341913893,-14.6166783743523,-12.9951988246332,-11.0241911104137,-6.70232803835906,-6.68185981195007,-8.18784868291956,-2.79248817568825,0.302297440944872,-0.93837977951812,15.1541031704687
"12",10.0984888770643,10.4298367660396,11.6571876622405,11.2213909131909,7.04189788227371,3.11654440590124,4.61025559505133,5.97052099549654,2.01244339143453,3.07391021987019,3.08746792529283,2.1971188817389,2.98165194996419,3.2183793610957,7.00703919006866,9.23273903682981,9.68419077343373,9.63883661893863,8.56938882465484,8.64040624487436,5.65243951173381,5.26783371715542,5.59784437929288,3.86457650647577,5.44313929569086,6.81387406859554,7.71299423511818,6.06501286713771,7.29130958742208,6.82548299980025,4.56016806903449,2.11718647527924,2.06953843526897,3.23019634229108,3.16176543339202,2.50163067986906,2.98898861942644,2.921882136736,2.16986103749874,-0.795094811394166,-2.51339782817017,-4.04201046128666,0.419033766698754,3.36668396917961,4.58183035711134,5.16841769703905,6.43016609815748,7.30448623388392,7.65150299374345,8.20165865020539,5.94373985462612,4.06894945287712,0.118523305383624,-1.12122348904017,-1.07009653386085,0.432942370647229,1.40319323979935,3.48003423303965,4.74387837468069,5.19089786956051,3.49269478394097,3.76693251946455,2.10620491413959,1.52357156018796,2.333756884385,0.514211530764027,-0.787005473971863,0.329974392493821,2.34326933959634,4.85845222328001,5.44094015752815,5.19764407920239,3.91047189217035,0.986530611299832,1.88177119422376,2.13760881934063,-0.697652279091904,0.260571131643048,-0.609683818312983,-1.36011983738917,-2.93498232100123,-3.30889320345995,-1.8626374176039,-1.70994867590371,-1.74192500213986,-4.88866207827921,-4.29805599988887,-1.5760492355929,-0.972136294262763,-6.17531986687443,-6.22137970004617,-5.27988817297764,-7.22361554518164,-9.22356869372274,-6.75411960928808,-7.40641409184423,-13.6370854368639,-16.53956679167,-17.426266336203,-17.7241150313296,-14.7523613909135,-14.4569641120477,-11.9884832921031,-12.5324851358413,-9.95987567269918,-10.8282157095835,-11.1445573053521,-4.78651876681029,-4.36648847319512,-5.79443739390327,-8.55927085422286,-8.05392597516179,-11.5736807183314,-12.1625610112538,-17.121327647515,-12.3880713411972,-6.59419406735062,-6.85853634547444,-7.30283278833023,-5.3002909964202,-0.131344762603019,0.0149832855693165,15.0339434539387
"13",11.5357477410278,11.675865765528,11.6060440328456,10.8780288763846,6.54782240396866,5.03001830236744,5.35283069166315,5.72430044190041,2.34124683499414,3.38043643773591,4.02431610856988,1.02171492361695,3.0555991588536,3.40356219557556,6.27676409282332,8.31610331650391,9.70456935143336,9.86524267287757,9.49698549106714,9.14387638218045,5.81810683206941,4.35809465843201,5.43669073153794,4.38383788294968,4.86781722802146,6.9645388713474,8.20353725762775,6.36448217560063,6.71666981568979,6.31447857502099,5.07451734325835,3.42783765763223,2.30663670427856,3.06703441155749,3.33202066632763,3.11569701158805,2.25501443643166,1.85604914927727,1.76477766855873,-0.308399520991091,-1.36356107490956,-4.80387250994932,-0.766571229704138,2.98464640561404,4.82926596409743,4.91957171494611,5.87517021077833,7.14730442797734,8.36451882009596,8.32435214736391,5.41168222463408,3.65766120488198,-0.0275821459151898,0.136708755889502,-1.70811272086754,0.953561468864285,0.746368168383445,4.08357898248062,5.30857328481003,5.28589292752047,3.6712558356413,2.30515931671388,2.80587160372919,1.46038075923487,2.56262388066601,1.59957101675836,-0.362469744655985,0.656691408228592,2.24071541678107,3.88056723607546,4.78585311430499,4.19488513053847,4.68448069326455,1.64715117495083,2.33331988997837,0.351916460578888,-0.487551958190298,-2.17076811398257,1.48556005073162,-0.715303124916124,-2.80878927494218,-4.02475181944475,-0.519067476637565,-1.71306364972754,-2.57228874276899,-3.66829450355276,-4.43373033440128,-2.81744554225437,0.373075704740437,-4.63879769160764,-5.70033762589985,-7.81365275365577,-7.65782505728102,-7.69306239434524,-6.13370469480144,-7.06289388238446,-12.4276125836481,-15.5295253398376,-18.9965823598971,-17.554902815367,-14.898552672798,-14.3571954557074,-12.6801442455047,-12.6475455679075,-9.90776609716172,-10.4190715479722,-10.5230557423784,-8.83869357402928,-6.21821478765057,-6.52843146747778,-8.01449156246602,-6.72235295688984,-11.2308510828956,-13.179931984431,-18.0947512134843,-10.9808913620598,-6.71033316319252,-9.142463769499,-9.85086470307601,-4.68183315478369,0.248927581713824,0.530086736152674,17.9220561131347
"14",12.1819760085066,11.6529302327894,12.0324119427185,8.87135890773556,8.2526957086756,5.70569761091454,4.67375508472324,5.84034053302066,3.0885593202204,3.83066864333773,4.87702478044675,0.678775627196516,3.56318380131443,3.50030890324778,5.9178842048038,7.35261917076976,7.83946432180159,8.79441139798108,9.63764455118311,10.1023359096662,6.41485175066238,5.49045116481368,5.79737123645024,5.14334044394357,5.43826778243921,6.29780786719358,7.5144638927441,5.68431718136223,5.79021717887978,6.71943896679356,6.3063467476345,2.92715331078759,3.84042654588967,3.83689722720125,3.53326779078339,2.6010348501876,2.68348600780129,2.29202658136995,2.13886912392178,0.250578149941754,-0.537693484686428,-5.69184514699211,-1.06848180482327,2.10037422282012,4.15043410842118,4.25758939366661,5.24697116484815,6.8825658542543,8.44125993458077,7.94069947091563,5.89455767443155,3.55830395099041,-0.125537087242066,1.11686737017746,-0.786322661625141,1.33151751023355,-0.548427039552881,1.28219172037354,6.42401143249074,4.19751153248185,3.64840183913046,0.910447349974739,3.70327311241506,2.25019924324997,3.43225143804309,2.09091020817801,0.630674834048955,0.56508998906062,2.50746373088071,2.99929384354451,3.46762502574961,2.83531653656021,5.38665112362485,2.30762882592962,2.82856584905482,0.304245082216741,0.300866321275271,-3.4388252604607,1.76478204663902,-1.4165269170112,-1.13819218038812,-3.63284866939083,-0.0752890367855824,-1.524120047119,-1.91035713456372,-2.79967568394498,-4.40254039745712,-4.19051561648267,-0.122061642050855,-6.05530254976594,-5.52946700703732,-6.89532860620598,-7.59364681978081,-7.45422117564466,-6.79817482214465,-9.59912314084093,-10.2637590666478,-12.4868097634271,-17.0501059847671,-16.1627771342859,-17.2924817079212,-14.6372088811864,-15.4247207258255,-12.1006763103776,-11.7630459144412,-11.9737374882666,-11.0169059729985,-11.4466115388273,-6.79511149083477,-5.39888007368546,-5.86273389860109,-5.64920210072896,-9.30237012597107,-12.5489572730602,-17.4835607295152,-13.1023042133874,-8.30777743499963,-10.2095666861867,-7.75470018108268,-4.2290935686531,-2.51451753479133,0.181747841124553,17.9344574560017
"15",12.7603243952031,11.7474535662016,12.4037950918923,10.2847555028208,9.0618713105567,7.55453126680493,6.13253747601825,5.87259593149134,2.42055395363984,4.08206969678614,4.11483134689015,1.51410393946063,3.23811145497626,4.0340748445971,4.54413281941397,6.17845873735644,6.51147948364696,9.61894130409569,9.94529888041505,10.7359337760149,7.60704688572881,6.49933851939616,5.44155844977896,5.37211647650641,5.45348033022414,5.70546463793298,6.43631367946606,6.5468863100292,6.26478407041512,6.68359736239709,6.59101724376581,1.21888705894314,4.75656488359337,4.77062420542176,3.48946401079055,2.78244835118586,2.30895383542033,2.66887775319297,2.50626514527794,0.768647032645789,0.0095073863783485,-4.43071216353553,-1.40669924863652,-0.138742552659061,3.18771873237223,3.91623062950864,5.1366931597029,6.92308574564389,7.92027170844889,8.08248678272268,6.37069824543638,4.41546363128638,0.721705551002131,0.511615719567884,-0.797520548527522,1.09482089887755,-0.442040441224087,0.51695827729548,4.46714645068615,4.22336873985495,4.60972956032859,2.01285400330791,3.6953296152667,2.76173709909762,1.68192814410342,2.00018408807348,1.95313972800159,1.22833229986005,2.74078860844275,2.765586076134,3.71136688924024,3.46797578900956,3.59930295132097,1.73124972376993,3.57515133701506,1.08137379339124,0.142212188743459,-1.45275805177952,0.918310369316822,-1.24044268522083,-0.300081964858561,-3.04075170787762,-1.2497169052121,-1.81948716427511,-2.55446220808,-1.78051930391087,-7.28461401273777,-4.14533618301927,-2.0035587008409,-4.81036638738254,-5.85265962106153,-6.08831026466254,-7.38773311359562,-9.50639877363046,-7.82557418503516,-8.72580188969506,-9.20593222582433,-9.99544592415804,-15.0574404652104,-15.0577832491643,-16.4788426439199,-14.9215445454694,-16.6088999315928,-13.1886934278321,-13.6588891078363,-11.5124480135055,-11.4814018135788,-10.6731813148836,-7.92894889053455,-5.22987731136514,-6.75478348773422,-5.36164129757479,-8.86002107547797,-12.1402517496865,-15.2682127401843,-14.3282361505012,-7.8342424868435,-11.5365075129279,-9.12675357281793,-6.6771015100708,-3.05797421054254,0.274887796222918,17.8088232824495
"16",14.2205624763511,12.6546729820268,11.9410937758249,10.1568481505578,9.27615620654173,8.77895539654613,6.83777939159257,5.53450659531323,3.24065481256432,4.63550686263241,4.2927625797379,2.53675665288464,1.7534383279788,1.28284965850365,4.57042675719224,6.26461856806159,6.88980512352657,10.141530083671,9.4238519702008,10.6074079531023,8.63839115668407,6.65620685788467,5.71591158204516,5.06024349954229,6.17068514687841,5.89193717983385,5.50932995091065,6.84438310431615,7.05126111329981,6.8581786743144,5.62313833444822,3.06842562235385,4.84099977411263,2.2858513358682,5.23446402654652,2.88334946537575,2.44246064768513,2.8480718058612,1.97303797619363,1.79290058688269,0.300320868170425,-3.19490610958203,-1.62792735846393,-0.68586169743173,1.05545356998235,3.47476004778426,5.15403746237556,6.97445478952753,8.14807319276537,7.49744419200437,6.74463316831946,5.78664400830517,0.695635429997191,0.757057871025719,-0.0226816548124087,1.79415697629267,-0.724151151553817,0.223488851821166,3.12558143275026,3.20186913623762,4.60888747996667,3.18453843719904,3.94272481826852,2.83094955990386,-1.20672795677168,0.556318151039297,0.856488691922026,-0.238849259756273,2.77472348708781,4.44644936310833,4.70053795640857,4.26692102135443,4.04741132572944,2.69036605828361,4.13661365737734,0.535208496436529,-2.77109117833772,-0.621405170433654,0.280858774759575,-0.999633356508568,0.630247759895859,-1.32037651680028,-2.30737097118418,-1.42305388194621,-2.47729088461235,-0.660503283706833,-6.17841617687566,-4.85220847313512,-3.73179197007555,-3.75019713655253,-6.53683371633909,-8.98543017527375,-7.44977394224915,-7.61817204388418,-6.50283833105543,-7.46936858652297,-9.10559068847424,-10.2144694661844,-14.2793921687032,-16.0536992835815,-17.3484111276914,-16.163073267331,-14.9935559165083,-13.1574881222707,-12.9215290108764,-11.0879629320144,-10.5090223142489,-10.3090798401097,-9.42741682572445,-9.0115779423279,-9.36510114915334,-5.68253589413927,-7.18757986432715,-10.4788906008274,-13.4331596166522,-13.2866228333514,-8.63679052223986,-10.609129778938,-10.3680954420559,-10.7396542307123,-4.74557309278295,-0.145297501707981,22.3707775584157
"17",13.9771187798481,14.1577385859666,12.3814543503405,11.0958550467489,9.35484716713402,7.8638780326921,7.35929251378377,6.39984008829733,3.59054836730869,3.41465347833388,2.7043759696132,3.63275895412632,2.28238154053093,1.55796057692425,4.39333840620249,6.0614479804109,6.69240719022164,8.97802531116423,7.72373428166997,11.0512353761044,10.2449092569694,8.02407160386832,6.36802275729419,5.62423334796435,6.12663611624547,5.72730549623962,5.53559989542895,5.9469874704816,7.12920489738779,5.25152230782052,6.60406749920135,4.97593659288947,4.05861506403263,1.0968159602067,4.85108537425636,2.41188781906504,1.96051817265696,4.27786191616257,1.7951360991794,1.563165229844,0.118737689857304,-1.89530603704451,-0.89540178461665,-1.26638598213675,-0.12854598674501,3.8315019894702,4.08518123945966,6.23936089841516,7.03150059314796,7.26352163691856,7.66227307678162,5.45594306467045,2.48881612514565,0.922416868717976,-0.0129159178727682,2.46433695695688,0.0263346584585977,-1.81686603048321,3.09679427601488,1.92185759412364,5.77323381521552,4.28877908576251,3.7334052992803,2.15800633408649,-2.25844161707895,1.51278802980126,1.11237216932261,1.54089021788065,1.89946328485467,2.76062146143573,4.29742304807,4.01539750155073,3.59222095603003,2.82398583533142,4.29778347424316,2.18013337667933,-1.74111666778846,-1.35577952589406,-0.987931495891786,-0.733874214867001,-0.0400350241085158,0.121375900200428,-1.20247434997629,-2.49547837107745,-3.239796748257,-0.456124106374717,-4.11813872275522,-4.02581230382201,-4.10921266134253,-4.28929311942329,-8.64276946357684,-8.54416399082293,-8.25126460255216,-7.42984476123839,-4.99885615260323,-6.76654472201141,-8.31958782001835,-12.8588977616746,-15.3527095170594,-14.5735088320323,-15.9571262109243,-15.5294676116239,-14.1899042818335,-14.1106694260493,-12.8682041071076,-11.4529760960031,-11.3782135667973,-10.4295473781405,-9.8602340148254,-9.45070393722839,-9.85458024595678,-5.56859598599451,-6.20620767603038,-9.67251008542463,-12.3369722572197,-12.7429415077285,-9.42814432892977,-12.5507871245006,-13.9919711218224,-11.8649903490803,-6.37270019056015,0.235588698302818,21.3440903162219
"18",16.0208564879271,12.9167709207941,12.5509602798788,12.6774724828549,10.2455107754055,7.63573154621715,9.27307972203115,7.23733608406344,4.248273350293,2.20625964832735,3.91705864175836,1.95922596177619,3.47445708594125,2.31573280383742,4.26199075283704,6.50663063144319,5.87227719883867,8.85593164077263,7.1095898585687,10.3611156115183,9.76678167688582,8.12157161989452,7.16629514044515,6.67368758306512,5.74339977225953,4.84751342480085,6.12125522484845,6.05640176392621,7.75604265486211,3.76123763146919,7.29148446914232,5.9643608000343,4.37062153152392,2.23956177319983,4.02767916826438,2.64959410700502,1.71638159126713,3.0850991427684,3.17463372651401,2.28016947105723,0.660089016490907,-1.29313085623081,-1.11286914711263,-2.51550030698121,-2.87304133212433,0.836616370801086,2.82876638453293,7.67368222205755,8.3893738030168,8.08549201849188,7.85284424815829,6.81874038233026,3.98178997283977,0.491697465742778,-0.377868227945825,1.82567540817662,1.16210236138944,-0.2160166010069,3.0199370770243,1.09690587136653,5.32192983792455,4.45034834259852,2.6488019641295,3.38359593734353,-1.13550676070526,1.09771731664227,0.849929707655787,1.36494943183363,2.39459564340645,2.53662060661536,3.69313145415659,3.87455044320958,3.84411456206013,2.4416285087212,2.81713005987309,2.55066451915275,0.249521294545271,-2.86645565759144,-1.77512255858327,0.207744515020068,0.547011934912896,-2.43647371635137,0.108712822093788,-1.78839934707739,-5.14979247824642,-2.50915404885561,-1.73154361320921,-3.04206512086493,-4.18247700051247,-4.48427575982979,-7.58651317601797,-7.1667882972439,-7.85401860329997,-7.46881962022903,-4.8918362499672,-6.56944989316433,-7.9282445015268,-13.8705223727158,-15.5845756503244,-13.975733182137,-14.6311785224474,-15.3867371103758,-14.0033856557919,-13.8551333745449,-14.0885223552677,-14.0367099644525,-10.9959613063947,-10.9185939755641,-9.93168742428913,-11.6515483701579,-9.03573722480447,-5.77393532199684,-6.76780617145348,-10.3883151864748,-11.3886847790941,-14.4343592501383,-9.63658559133214,-10.2919020224815,-13.9851913672366,-10.0052961176329,-6.27539459538243,-1.95077439222187,19.5497416115715
